method,iterations,runtime_seconds,final_f,final_grad_norm,status,success
Gradient Descent,13757,0.2084758750279434,6.120021876604655e-13,9.833370994538868e-07,converged,True
Newton,22,0.0002863749978132546,3.743975643139474e-21,4.473328123560842e-10,converged,True
SciPy BFGS,33,0.0015197080210782588,8.983454121853223e-19,2.5888035940443672e-08,converged,True
